<metadata xml:lang="en"><Esri><CreaDate>20250124</CreaDate><CreaTime>16141300</CreaTime><ArcGISFormat>1.0</ArcGISFormat><SyncOnce>FALSE</SyncOnce><DataProperties><lineage><Process ToolSource="c:\program files\arcgis\pro\Resources\ArcToolbox\toolboxes\GeoAnalytics Desktop Tools.tbx\ClipLayer" Date="20250124" Time="155457">ClipLayer gis_osm_buildings_20250101 "Clip Raster Output Extent (Polygons)" C:\Users\mward\OneDrive\Documents\ArcGIS\Projects\Eaton_Structures\Eaton_Structures.gdb\gis_osm_buildings_20250101_ClipLayer</Process><Process ToolSource="c:\program files\arcgis\pro\Resources\ArcToolbox\toolboxes\Data Management Tools.tbx\Project" Date="20250124" Time="161417">Project gis_osm_buildings_20250101_ClipLayer C:\Users\mward\OneDrive\Documents\ArcGIS\Projects\Eaton_Structures\Eaton_Structures.gdb\gis_osm_buildings_2050101_reprojected PROJCS["WGS_1984_UTM_Zone_11N",GEOGCS["GCS_WGS_1984",DATUM["D_WGS_1984",SPHEROID["WGS_1984",6378137.0,298.257223563]],PRIMEM["Greenwich",0.0],UNIT["Degree",0.0174532925199433]],PROJECTION["Transverse_Mercator"],PARAMETER["False_Easting",500000.0],PARAMETER["False_Northing",0.0],PARAMETER["Central_Meridian",-117.0],PARAMETER["Scale_Factor",0.9996],PARAMETER["Latitude_Of_Origin",0.0],UNIT["Meter",1.0]] # GEOGCS["GCS_WGS_1984",DATUM["D_WGS_1984",SPHEROID["WGS_1984",6378137.0,298.257223563]],PRIMEM["Greenwich",0.0],UNIT["Degree",0.0174532925199433]] NO_PRESERVE_SHAPE # NO_VERTICAL</Process><Process ToolSource="c:\program files\arcgis\pro\Resources\ArcToolbox\toolboxes\Analysis Tools.tbx\SpatialJoin" Date="20250124" Time="162326">SpatialJoin gis_osm_buildings_2050101_reprojected DINS_250123 C:\Users\mward\OneDrive\Documents\ArcGIS\Projects\Eaton_Structures\Eaton_Structures.gdb\DINS_building_SpatialJoin "Join one to one" KEEP_COMMON "FID "FID" true true false 4 Long 0 0,First,#,gis_osm_buildings_2050101_reprojected,FID,-1,-1;osm_id "osm_id" true true false 10485758 Text 0 0,First,#,gis_osm_buildings_2050101_reprojected,osm_id,0,10485758;code "code" true true false 2 Short 0 0,First,#,gis_osm_buildings_2050101_reprojected,code,-1,-1;fclass "fclass" true true false 10485758 Text 0 0,First,#,gis_osm_buildings_2050101_reprojected,fclass,0,10485758;name "name" true true false 10485758 Text 0 0,First,#,gis_osm_buildings_2050101_reprojected,name,0,10485758;type "type" true true false 10485758 Text 0 0,First,#,gis_osm_buildings_2050101_reprojected,type,0,10485758;SHAPE_Length "SHAPE_Length" false true true 8 Double 0 0,First,#,gis_osm_buildings_2050101_reprojected,SHAPE_Length,-1,-1;SHAPE_Area "SHAPE_Area" false true true 8 Double 0 0,First,#,gis_osm_buildings_2050101_reprojected,SHAPE_Area,-1,-1;DAMAGE "DAMAGE" true true false 50 Text 0 0,First,#,DINS_250123,DAMAGE,0,50;STREETNUMB "STREETNUMB" true true false 4 Long 0 0,First,#,DINS_250123,STREETNUMB,-1,-1;STREETNAME "STREETNAME" true true false 50 Text 0 0,First,#,DINS_250123,STREETNAME,0,50;STREETTYPE "STREETTYPE" true true false 10 Text 0 0,First,#,DINS_250123,STREETTYPE,0,10;STREETSUFF "STREETSUFF" true true false 10 Text 0 0,First,#,DINS_250123,STREETSUFF,0,10;CITY "CITY" true true false 50 Text 0 0,First,#,DINS_250123,CITY,0,50;STATE "STATE" true true false 2 Text 0 0,First,#,DINS_250123,STATE,0,2;ZIPCODE "ZIPCODE" true true false 4 Long 0 0,First,#,DINS_250123,ZIPCODE,-1,-1;CALFIREUNI "CALFIREUNI" true true false 3 Text 0 0,First,#,DINS_250123,CALFIREUNI,0,3;COUNTY "COUNTY" true true false 50 Text 0 0,First,#,DINS_250123,COUNTY,0,50;COMMUNITY "COMMUNITY" true true false 254 Text 0 0,First,#,DINS_250123,COMMUNITY,0,254;BATTALION "BATTALION" true true false 3 Text 0 0,First,#,DINS_250123,BATTALION,0,3;INCIDENTNA "INCIDENTNA" true true false 20 Text 0 0,First,#,DINS_250123,INCIDENTNA,0,20;INCIDENTNU "INCIDENTNU" true true false 20 Text 0 0,First,#,DINS_250123,INCIDENTNU,0,20;INCIDENTST "INCIDENTST" true true false 8 Date 0 0,First,#,DINS_250123,INCIDENTST,-1,-1;HAZARDTYPE "HAZARDTYPE" true true false 20 Text 0 0,First,#,DINS_250123,HAZARDTYPE,0,20;WHEREFIRES "WHEREFIRES" true true false 50 Text 0 0,First,#,DINS_250123,WHEREFIRES,0,50;WHATDIDFIR "WHATDIDFIR" true true false 50 Text 0 0,First,#,DINS_250123,WHATDIDFIR,0,50;DEFENSIVEA "DEFENSIVEA" true true false 50 Text 0 0,First,#,DINS_250123,DEFENSIVEA,0,50;STRUCTURET "STRUCTURET" true true false 254 Text 0 0,First,#,DINS_250123,STRUCTURET,0,254;STRUCTUREC "STRUCTUREC" true true false 100 Text 0 0,First,#,DINS_250123,STRUCTUREC,0,100;NUMBEROFUN "NUMBEROFUN" true true false 4 Long 0 0,First,#,DINS_250123,NUMBEROFUN,-1,-1;NOOUTBUILD "NOOUTBUILD" true true false 4 Long 0 0,First,#,DINS_250123,NOOUTBUILD,-1,-1;NOOUTBUI_1 "NOOUTBUI_1" true true false 4 Long 0 0,First,#,DINS_250123,NOOUTBUI_1,-1,-1;ROOFCONSTR "ROOFCONSTR" true true false 50 Text 0 0,First,#,DINS_250123,ROOFCONSTR,0,50;EAVES "EAVES" true true false 50 Text 0 0,First,#,DINS_250123,EAVES,0,50;VENTSCREEN "VENTSCREEN" true true false 50 Text 0 0,First,#,DINS_250123,VENTSCREEN,0,50;EXTERIORSI "EXTERIORSI" true true false 50 Text 0 0,First,#,DINS_250123,EXTERIORSI,0,50;WINDOWPANE "WINDOWPANE" true true false 50 Text 0 0,First,#,DINS_250123,WINDOWPANE,0,50;DECKPORCHO "DECKPORCHO" true true false 50 Text 0 0,First,#,DINS_250123,DECKPORCHO,0,50;DECKPORCHE "DECKPORCHE" true true false 50 Text 0 0,First,#,DINS_250123,DECKPORCHE,0,50;PATIOCOVER "PATIOCOVER" true true false 50 Text 0 0,First,#,DINS_250123,PATIOCOVER,0,50;FENCEATTAC "FENCEATTAC" true true false 50 Text 0 0,First,#,DINS_250123,FENCEATTAC,0,50;PROPANETAN "PROPANETAN" true true false 50 Text 0 0,First,#,DINS_250123,PROPANETAN,0,50;UTILITYMIS "UTILITYMIS" true true false 50 Text 0 0,First,#,DINS_250123,UTILITYMIS,0,50;FIRENAME "FIRENAME" true true false 50 Text 0 0,First,#,DINS_250123,FIRENAME,0,50;APN "APN" true true false 40 Text 0 0,First,#,DINS_250123,APN,0,40;ASSESSEDIM "ASSESSEDIM" true true false 8 Double 0 0,First,#,DINS_250123,ASSESSEDIM,-1,-1;YEARBUILT "YEARBUILT" true true false 4 Long 0 0,First,#,DINS_250123,YEARBUILT,-1,-1;SITEADDRES "SITEADDRES" true true false 254 Text 0 0,First,#,DINS_250123,SITEADDRES,0,254;GLOBALID "GLOBALID" true true false 38 Text 0 0,First,#,DINS_250123,GLOBALID,0,38;Latitude "Latitude" true true false 8 Double 0 0,First,#,DINS_250123,Latitude,-1,-1;Longitude "Longitude" true true false 8 Double 0 0,First,#,DINS_250123,Longitude,-1,-1" Intersect # #</Process><Process ToolSource="c:\program files\arcgis\pro\Resources\ArcToolbox\toolboxes\Data Management Tools.tbx\UpdateSchema" Date="20250124" Time="163513">UpdateSchema "CIMDATA=&lt;CIMStandardDataConnection xsi:type='typens:CIMStandardDataConnection' xmlns:xsi='http://www.w3.org/2001/XMLSchema-instance' xmlns:xs='http://www.w3.org/2001/XMLSchema' xmlns:typens='http://www.esri.com/schemas/ArcGIS/3.1.0'&gt;&lt;WorkspaceConnectionString&gt;DATABASE=C:\Users\mward\OneDrive\Documents\ArcGIS\Projects\Eaton_Structures\Eaton_Structures.gdb&lt;/WorkspaceConnectionString&gt;&lt;WorkspaceFactory&gt;FileGDB&lt;/WorkspaceFactory&gt;&lt;Dataset&gt;DINS_building_SpatialJoin&lt;/Dataset&gt;&lt;DatasetType&gt;esriDTFeatureClass&lt;/DatasetType&gt;&lt;/CIMStandardDataConnection&gt;" &lt;operationSequence&gt;&lt;workflow&gt;&lt;AddField&gt;&lt;field_name&gt;DamageCode&lt;/field_name&gt;&lt;field_type&gt;SHORT&lt;/field_type&gt;&lt;field_is_nullable&gt;True&lt;/field_is_nullable&gt;&lt;field_is_required&gt;False&lt;/field_is_required&gt;&lt;/AddField&gt;&lt;/workflow&gt;&lt;/operationSequence&gt;</Process><Process ToolSource="c:\program files\arcgis\pro\Resources\ArcToolbox\toolboxes\Data Management Tools.tbx\CalculateField" Date="20250124" Time="163719">CalculateField DINS_building_SpatialJoin DamageCode "1 if !DAMAGE! == "Destroyed (&gt;50%)" else (0 if !DAMAGE! == "No Damage" else None)
" "Python 3" # Text NO_ENFORCE_DOMAINS</Process><Process ToolSource="c:\program files\arcgis\pro\Resources\ArcToolbox\toolboxes\Conversion Tools.tbx\ExportFeatures" Date="20250127" Time="114853">ExportFeatures DINS_building_SpatialJoin F:\Palisades_Eaton_Fire_ArcGIS\Structures_EatonFire\DINS_building_SpatialJoin.shp # NOT_USE_ALIAS "Join_Count "Join_Count" true true false 4 Long 0 0,First,#,DINS_building_SpatialJoin,Join_Count,-1,-1;TARGET_FID "TARGET_FID" true true false 4 Long 0 0,First,#,DINS_building_SpatialJoin,TARGET_FID,-1,-1;FID "FID" true true false 4 Long 0 0,First,#,DINS_building_SpatialJoin,FID,-1,-1;osm_id "osm_id" true true false 10485758 Text 0 0,First,#,DINS_building_SpatialJoin,osm_id,0,10485758;code "code" true true false 2 Short 0 0,First,#,DINS_building_SpatialJoin,code,-1,-1;fclass "fclass" true true false 10485758 Text 0 0,First,#,DINS_building_SpatialJoin,fclass,0,10485758;name "name" true true false 10485758 Text 0 0,First,#,DINS_building_SpatialJoin,name,0,10485758;type "type" true true false 10485758 Text 0 0,First,#,DINS_building_SpatialJoin,type,0,10485758;DAMAGE "DAMAGE" true true false 50 Text 0 0,First,#,DINS_building_SpatialJoin,DAMAGE,0,50;STREETNUMB "STREETNUMB" true true false 4 Long 0 0,First,#,DINS_building_SpatialJoin,STREETNUMB,-1,-1;STREETNAME "STREETNAME" true true false 50 Text 0 0,First,#,DINS_building_SpatialJoin,STREETNAME,0,50;STREETTYPE "STREETTYPE" true true false 10 Text 0 0,First,#,DINS_building_SpatialJoin,STREETTYPE,0,10;STREETSUFF "STREETSUFF" true true false 10 Text 0 0,First,#,DINS_building_SpatialJoin,STREETSUFF,0,10;CITY "CITY" true true false 50 Text 0 0,First,#,DINS_building_SpatialJoin,CITY,0,50;STATE "STATE" true true false 2 Text 0 0,First,#,DINS_building_SpatialJoin,STATE,0,2;ZIPCODE "ZIPCODE" true true false 4 Long 0 0,First,#,DINS_building_SpatialJoin,ZIPCODE,-1,-1;CALFIREUNI "CALFIREUNI" true true false 3 Text 0 0,First,#,DINS_building_SpatialJoin,CALFIREUNI,0,3;COUNTY "COUNTY" true true false 50 Text 0 0,First,#,DINS_building_SpatialJoin,COUNTY,0,50;COMMUNITY "COMMUNITY" true true false 254 Text 0 0,First,#,DINS_building_SpatialJoin,COMMUNITY,0,254;BATTALION "BATTALION" true true false 3 Text 0 0,First,#,DINS_building_SpatialJoin,BATTALION,0,3;INCIDENTNA "INCIDENTNA" true true false 20 Text 0 0,First,#,DINS_building_SpatialJoin,INCIDENTNA,0,20;INCIDENTNU "INCIDENTNU" true true false 20 Text 0 0,First,#,DINS_building_SpatialJoin,INCIDENTNU,0,20;INCIDENTST "INCIDENTST" true true false 8 Date 0 0,First,#,DINS_building_SpatialJoin,INCIDENTST,-1,-1;HAZARDTYPE "HAZARDTYPE" true true false 20 Text 0 0,First,#,DINS_building_SpatialJoin,HAZARDTYPE,0,20;WHEREFIRES "WHEREFIRES" true true false 50 Text 0 0,First,#,DINS_building_SpatialJoin,WHEREFIRES,0,50;WHATDIDFIR "WHATDIDFIR" true true false 50 Text 0 0,First,#,DINS_building_SpatialJoin,WHATDIDFIR,0,50;DEFENSIVEA "DEFENSIVEA" true true false 50 Text 0 0,First,#,DINS_building_SpatialJoin,DEFENSIVEA,0,50;STRUCTURET "STRUCTURET" true true false 254 Text 0 0,First,#,DINS_building_SpatialJoin,STRUCTURET,0,254;STRUCTUREC "STRUCTUREC" true true false 100 Text 0 0,First,#,DINS_building_SpatialJoin,STRUCTUREC,0,100;NUMBEROFUN "NUMBEROFUN" true true false 4 Long 0 0,First,#,DINS_building_SpatialJoin,NUMBEROFUN,-1,-1;NOOUTBUILD "NOOUTBUILD" true true false 4 Long 0 0,First,#,DINS_building_SpatialJoin,NOOUTBUILD,-1,-1;NOOUTBUI_1 "NOOUTBUI_1" true true false 4 Long 0 0,First,#,DINS_building_SpatialJoin,NOOUTBUI_1,-1,-1;ROOFCONSTR "ROOFCONSTR" true true false 50 Text 0 0,First,#,DINS_building_SpatialJoin,ROOFCONSTR,0,50;EAVES "EAVES" true true false 50 Text 0 0,First,#,DINS_building_SpatialJoin,EAVES,0,50;VENTSCREEN "VENTSCREEN" true true false 50 Text 0 0,First,#,DINS_building_SpatialJoin,VENTSCREEN,0,50;EXTERIORSI "EXTERIORSI" true true false 50 Text 0 0,First,#,DINS_building_SpatialJoin,EXTERIORSI,0,50;WINDOWPANE "WINDOWPANE" true true false 50 Text 0 0,First,#,DINS_building_SpatialJoin,WINDOWPANE,0,50;DECKPORCHO "DECKPORCHO" true true false 50 Text 0 0,First,#,DINS_building_SpatialJoin,DECKPORCHO,0,50;DECKPORCHE "DECKPORCHE" true true false 50 Text 0 0,First,#,DINS_building_SpatialJoin,DECKPORCHE,0,50;PATIOCOVER "PATIOCOVER" true true false 50 Text 0 0,First,#,DINS_building_SpatialJoin,PATIOCOVER,0,50;FENCEATTAC "FENCEATTAC" true true false 50 Text 0 0,First,#,DINS_building_SpatialJoin,FENCEATTAC,0,50;PROPANETAN "PROPANETAN" true true false 50 Text 0 0,First,#,DINS_building_SpatialJoin,PROPANETAN,0,50;UTILITYMIS "UTILITYMIS" true true false 50 Text 0 0,First,#,DINS_building_SpatialJoin,UTILITYMIS,0,50;FIRENAME "FIRENAME" true true false 50 Text 0 0,First,#,DINS_building_SpatialJoin,FIRENAME,0,50;APN "APN" true true false 40 Text 0 0,First,#,DINS_building_SpatialJoin,APN,0,40;ASSESSEDIM "ASSESSEDIM" true true false 8 Double 0 0,First,#,DINS_building_SpatialJoin,ASSESSEDIM,-1,-1;YEARBUILT "YEARBUILT" true true false 4 Long 0 0,First,#,DINS_building_SpatialJoin,YEARBUILT,-1,-1;SITEADDRES "SITEADDRES" true true false 254 Text 0 0,First,#,DINS_building_SpatialJoin,SITEADDRES,0,254;GLOBALID "GLOBALID" true true false 38 Text 0 0,First,#,DINS_building_SpatialJoin,GLOBALID,0,38;Latitude "Latitude" true true false 8 Double 0 0,First,#,DINS_building_SpatialJoin,Latitude,-1,-1;Longitude "Longitude" true true false 8 Double 0 0,First,#,DINS_building_SpatialJoin,Longitude,-1,-1;SHAPE_Length "SHAPE_Length" false true true 8 Double 0 0,First,#,DINS_building_SpatialJoin,SHAPE_Length,-1,-1;SHAPE_Area "SHAPE_Area" false true true 8 Double 0 0,First,#,DINS_building_SpatialJoin,SHAPE_Area,-1,-1;DamageCode "DamageCode" true true false 2 Short 0 0,First,#,DINS_building_SpatialJoin,DamageCode,-1,-1" #</Process></lineage><itemProps><itemLocation><linkage Sync="TRUE">file://\\DESKTOP-KLTDU2A\F$\Palisades_Eaton_Fire_ArcGIS\Structures_EatonFire\DINS_building_SpatialJoin.shp</linkage><protocol Sync="TRUE">Local Area Network</protocol></itemLocation><itemName Sync="TRUE">DINS_building_SpatialJoin</itemName><imsContentType Sync="TRUE">002</imsContentType><itemSize Sync="TRUE">0.000</itemSize></itemProps><coordRef><type Sync="TRUE">Projected</type><geogcsn Sync="TRUE">GCS_WGS_1984</geogcsn><csUnits Sync="TRUE">Linear Unit: Meter (1.000000)</csUnits><projcsn Sync="TRUE">WGS_1984_UTM_Zone_11N</projcsn><peXml Sync="TRUE">&lt;ProjectedCoordinateSystem xsi:type='typens:ProjectedCoordinateSystem' xmlns:xsi='http://www.w3.org/2001/XMLSchema-instance' xmlns:xs='http://www.w3.org/2001/XMLSchema' xmlns:typens='http://www.esri.com/schemas/ArcGIS/3.1.0'&gt;&lt;WKT&gt;PROJCS[&amp;quot;WGS_1984_UTM_Zone_11N&amp;quot;,GEOGCS[&amp;quot;GCS_WGS_1984&amp;quot;,DATUM[&amp;quot;D_WGS_1984&amp;quot;,SPHEROID[&amp;quot;WGS_1984&amp;quot;,6378137.0,298.257223563]],PRIMEM[&amp;quot;Greenwich&amp;quot;,0.0],UNIT[&amp;quot;Degree&amp;quot;,0.0174532925199433]],PROJECTION[&amp;quot;Transverse_Mercator&amp;quot;],PARAMETER[&amp;quot;False_Easting&amp;quot;,500000.0],PARAMETER[&amp;quot;False_Northing&amp;quot;,0.0],PARAMETER[&amp;quot;Central_Meridian&amp;quot;,-117.0],PARAMETER[&amp;quot;Scale_Factor&amp;quot;,0.9996],PARAMETER[&amp;quot;Latitude_Of_Origin&amp;quot;,0.0],UNIT[&amp;quot;Meter&amp;quot;,1.0],AUTHORITY[&amp;quot;EPSG&amp;quot;,32611]]&lt;/WKT&gt;&lt;XOrigin&gt;-5120900&lt;/XOrigin&gt;&lt;YOrigin&gt;-9998100&lt;/YOrigin&gt;&lt;XYScale&gt;450445547.3910538&lt;/XYScale&gt;&lt;ZOrigin&gt;-100000&lt;/ZOrigin&gt;&lt;ZScale&gt;10000&lt;/ZScale&gt;&lt;MOrigin&gt;-100000&lt;/MOrigin&gt;&lt;MScale&gt;10000&lt;/MScale&gt;&lt;XYTolerance&gt;0.001&lt;/XYTolerance&gt;&lt;ZTolerance&gt;0.001&lt;/ZTolerance&gt;&lt;MTolerance&gt;0.001&lt;/MTolerance&gt;&lt;HighPrecision&gt;true&lt;/HighPrecision&gt;&lt;WKID&gt;32611&lt;/WKID&gt;&lt;LatestWKID&gt;32611&lt;/LatestWKID&gt;&lt;/ProjectedCoordinateSystem&gt;</peXml></coordRef></DataProperties><SyncDate>20250127</SyncDate><SyncTime>11484900</SyncTime><ModDate>20250127</ModDate><ModTime>11484900</ModTime></Esri><dataIdInfo><envirDesc Sync="TRUE">Microsoft Windows 10 Version 10.0 (Build 19045) ; Esri ArcGIS 13.1.0.41833</envirDesc><dataLang><languageCode value="eng" Sync="TRUE"></languageCode><countryCode value="USA" Sync="TRUE"></countryCode></dataLang><idCitation><resTitle Sync="TRUE">DINS_building_SpatialJoin</resTitle><presForm><PresFormCd value="005" Sync="TRUE"></PresFormCd></presForm></idCitation><spatRpType><SpatRepTypCd value="001" Sync="TRUE"></SpatRepTypCd></spatRpType></dataIdInfo><mdLang><languageCode value="eng" Sync="TRUE"></languageCode><countryCode value="USA" Sync="TRUE"></countryCode></mdLang><distInfo><distFormat><formatName Sync="TRUE">Shapefile</formatName></distFormat><distTranOps><transSize Sync="TRUE">0.000</transSize></distTranOps></distInfo><mdHrLv><ScopeCd value="005" Sync="TRUE"></ScopeCd></mdHrLv><mdHrLvName Sync="TRUE">dataset</mdHrLvName><refSysInfo><RefSystem><refSysID><identCode code="32611" Sync="TRUE"></identCode><idCodeSpace Sync="TRUE">EPSG</idCodeSpace><idVersion Sync="TRUE">9.8.8(3.0.1)</idVersion></refSysID></RefSystem></refSysInfo><spatRepInfo><VectSpatRep><geometObjs Name="DINS_building_SpatialJoin"><geoObjTyp><GeoObjTypCd value="002" Sync="TRUE"></GeoObjTypCd></geoObjTyp><geoObjCnt Sync="TRUE">0</geoObjCnt></geometObjs><topLvl><TopoLevCd value="001" Sync="TRUE"></TopoLevCd></topLvl></VectSpatRep></spatRepInfo><spdoinfo><ptvctinf><esriterm Name="DINS_building_SpatialJoin"><efeatyp Sync="TRUE">Simple</efeatyp><efeageom code="4" Sync="TRUE"></efeageom><esritopo Sync="TRUE">FALSE</esritopo><efeacnt Sync="TRUE">0</efeacnt><spindex Sync="TRUE">FALSE</spindex><linrefer Sync="TRUE">FALSE</linrefer></esriterm></ptvctinf></spdoinfo><eainfo><detailed Name="DINS_building_SpatialJoin"><enttyp><enttypl Sync="TRUE">DINS_building_SpatialJoin</enttypl><enttypt Sync="TRUE">Feature Class</enttypt><enttypc Sync="TRUE">0</enttypc></enttyp><attr><attrlabl Sync="TRUE">SHAPE</attrlabl><attalias Sync="TRUE">Shape</attalias><attrtype Sync="TRUE">Geometry</attrtype><attwidth Sync="TRUE">0</attwidth><atprecis Sync="TRUE">0</atprecis><attscale Sync="TRUE">0</attscale><attrdef Sync="TRUE">Feature geometry.</attrdef><attrdefs Sync="TRUE">Esri</attrdefs><attrdomv><udom Sync="TRUE">Coordinates defining the features.</udom></attrdomv></attr><attr><attrlabl Sync="TRUE">Join_Count</attrlabl><attalias Sync="TRUE">Join_Count</attalias><attrtype Sync="TRUE">Integer</attrtype><attwidth Sync="TRUE">10</attwidth><atprecis Sync="TRUE">10</atprecis><attscale Sync="TRUE">0</attscale></attr><attr><attrlabl Sync="TRUE">TARGET_FID</attrlabl><attalias Sync="TRUE">TARGET_FID</attalias><attrtype Sync="TRUE">Integer</attrtype><attwidth Sync="TRUE">10</attwidth><atprecis Sync="TRUE">10</atprecis><attscale Sync="TRUE">0</attscale></attr><attr><attrlabl Sync="TRUE">FID</attrlabl><attalias Sync="TRUE">FID</attalias><attrtype Sync="TRUE">OID</attrtype><attwidth Sync="TRUE">4</attwidth><atprecis Sync="TRUE">0</atprecis><attscale Sync="TRUE">0</attscale><attrdef Sync="TRUE">Internal feature number.</attrdef><attrdefs Sync="TRUE">Esri</attrdefs><attrdomv><udom Sync="TRUE">Sequential unique whole numbers that are automatically generated.</udom></attrdomv></attr><attr><attrlabl Sync="TRUE">FID_</attrlabl><attalias Sync="TRUE">FID_</attalias><attrtype Sync="TRUE">Integer</attrtype><attwidth Sync="TRUE">10</attwidth><atprecis Sync="TRUE">10</atprecis><attscale Sync="TRUE">0</attscale></attr><attr><attrlabl Sync="TRUE">osm_id</attrlabl><attalias Sync="TRUE">osm_id</attalias><attrtype Sync="TRUE">String</attrtype><attwidth Sync="TRUE">254</attwidth><atprecis Sync="TRUE">0</atprecis><attscale Sync="TRUE">0</attscale></attr><attr><attrlabl Sync="TRUE">code</attrlabl><attalias Sync="TRUE">code</attalias><attrtype Sync="TRUE">Integer</attrtype><attwidth Sync="TRUE">5</attwidth><atprecis Sync="TRUE">5</atprecis><attscale Sync="TRUE">0</attscale></attr><attr><attrlabl Sync="TRUE">fclass</attrlabl><attalias Sync="TRUE">fclass</attalias><attrtype Sync="TRUE">String</attrtype><attwidth Sync="TRUE">254</attwidth><atprecis Sync="TRUE">0</atprecis><attscale Sync="TRUE">0</attscale></attr><attr><attrlabl Sync="TRUE">name</attrlabl><attalias Sync="TRUE">name</attalias><attrtype Sync="TRUE">String</attrtype><attwidth Sync="TRUE">254</attwidth><atprecis Sync="TRUE">0</atprecis><attscale Sync="TRUE">0</attscale></attr><attr><attrlabl Sync="TRUE">type</attrlabl><attalias Sync="TRUE">type</attalias><attrtype Sync="TRUE">String</attrtype><attwidth Sync="TRUE">254</attwidth><atprecis Sync="TRUE">0</atprecis><attscale Sync="TRUE">0</attscale></attr><attr><attrlabl Sync="TRUE">DAMAGE</attrlabl><attalias Sync="TRUE">DAMAGE</attalias><attrtype Sync="TRUE">String</attrtype><attwidth Sync="TRUE">50</attwidth><atprecis Sync="TRUE">0</atprecis><attscale Sync="TRUE">0</attscale></attr><attr><attrlabl Sync="TRUE">STREETNUMB</attrlabl><attalias Sync="TRUE">STREETNUMB</attalias><attrtype Sync="TRUE">Integer</attrtype><attwidth Sync="TRUE">10</attwidth><atprecis Sync="TRUE">10</atprecis><attscale Sync="TRUE">0</attscale></attr><attr><attrlabl Sync="TRUE">STREETNAME</attrlabl><attalias Sync="TRUE">STREETNAME</attalias><attrtype Sync="TRUE">String</attrtype><attwidth Sync="TRUE">50</attwidth><atprecis Sync="TRUE">0</atprecis><attscale Sync="TRUE">0</attscale></attr><attr><attrlabl Sync="TRUE">STREETTYPE</attrlabl><attalias Sync="TRUE">STREETTYPE</attalias><attrtype Sync="TRUE">String</attrtype><attwidth Sync="TRUE">10</attwidth><atprecis Sync="TRUE">0</atprecis><attscale Sync="TRUE">0</attscale></attr><attr><attrlabl Sync="TRUE">STREETSUFF</attrlabl><attalias Sync="TRUE">STREETSUFF</attalias><attrtype Sync="TRUE">String</attrtype><attwidth Sync="TRUE">10</attwidth><atprecis Sync="TRUE">0</atprecis><attscale Sync="TRUE">0</attscale></attr><attr><attrlabl Sync="TRUE">CITY</attrlabl><attalias Sync="TRUE">CITY</attalias><attrtype Sync="TRUE">String</attrtype><attwidth Sync="TRUE">50</attwidth><atprecis Sync="TRUE">0</atprecis><attscale Sync="TRUE">0</attscale></attr><attr><attrlabl Sync="TRUE">STATE</attrlabl><attalias Sync="TRUE">STATE</attalias><attrtype Sync="TRUE">String</attrtype><attwidth Sync="TRUE">2</attwidth><atprecis Sync="TRUE">0</atprecis><attscale Sync="TRUE">0</attscale></attr><attr><attrlabl Sync="TRUE">ZIPCODE</attrlabl><attalias Sync="TRUE">ZIPCODE</attalias><attrtype Sync="TRUE">Integer</attrtype><attwidth Sync="TRUE">10</attwidth><atprecis Sync="TRUE">10</atprecis><attscale Sync="TRUE">0</attscale></attr><attr><attrlabl Sync="TRUE">CALFIREUNI</attrlabl><attalias Sync="TRUE">CALFIREUNI</attalias><attrtype Sync="TRUE">String</attrtype><attwidth Sync="TRUE">3</attwidth><atprecis Sync="TRUE">0</atprecis><attscale Sync="TRUE">0</attscale></attr><attr><attrlabl Sync="TRUE">COUNTY</attrlabl><attalias Sync="TRUE">COUNTY</attalias><attrtype Sync="TRUE">String</attrtype><attwidth Sync="TRUE">50</attwidth><atprecis Sync="TRUE">0</atprecis><attscale Sync="TRUE">0</attscale></attr><attr><attrlabl Sync="TRUE">COMMUNITY</attrlabl><attalias Sync="TRUE">COMMUNITY</attalias><attrtype Sync="TRUE">String</attrtype><attwidth Sync="TRUE">254</attwidth><atprecis Sync="TRUE">0</atprecis><attscale Sync="TRUE">0</attscale></attr><attr><attrlabl Sync="TRUE">BATTALION</attrlabl><attalias Sync="TRUE">BATTALION</attalias><attrtype Sync="TRUE">String</attrtype><attwidth Sync="TRUE">3</attwidth><atprecis Sync="TRUE">0</atprecis><attscale Sync="TRUE">0</attscale></attr><attr><attrlabl Sync="TRUE">INCIDENTNA</attrlabl><attalias Sync="TRUE">INCIDENTNA</attalias><attrtype Sync="TRUE">String</attrtype><attwidth Sync="TRUE">20</attwidth><atprecis Sync="TRUE">0</atprecis><attscale Sync="TRUE">0</attscale></attr><attr><attrlabl Sync="TRUE">INCIDENTNU</attrlabl><attalias Sync="TRUE">INCIDENTNU</attalias><attrtype Sync="TRUE">String</attrtype><attwidth Sync="TRUE">20</attwidth><atprecis Sync="TRUE">0</atprecis><attscale Sync="TRUE">0</attscale></attr><attr><attrlabl Sync="TRUE">INCIDENTST</attrlabl><attalias Sync="TRUE">INCIDENTST</attalias><attrtype Sync="TRUE">Date</attrtype><attwidth Sync="TRUE">8</attwidth><atprecis Sync="TRUE">0</atprecis><attscale Sync="TRUE">0</attscale></attr><attr><attrlabl Sync="TRUE">HAZARDTYPE</attrlabl><attalias Sync="TRUE">HAZARDTYPE</attalias><attrtype Sync="TRUE">String</attrtype><attwidth Sync="TRUE">20</attwidth><atprecis Sync="TRUE">0</atprecis><attscale Sync="TRUE">0</attscale></attr><attr><attrlabl Sync="TRUE">WHEREFIRES</attrlabl><attalias Sync="TRUE">WHEREFIRES</attalias><attrtype Sync="TRUE">String</attrtype><attwidth Sync="TRUE">50</attwidth><atprecis Sync="TRUE">0</atprecis><attscale Sync="TRUE">0</attscale></attr><attr><attrlabl Sync="TRUE">WHATDIDFIR</attrlabl><attalias Sync="TRUE">WHATDIDFIR</attalias><attrtype Sync="TRUE">String</attrtype><attwidth Sync="TRUE">50</attwidth><atprecis Sync="TRUE">0</atprecis><attscale Sync="TRUE">0</attscale></attr><attr><attrlabl Sync="TRUE">DEFENSIVEA</attrlabl><attalias Sync="TRUE">DEFENSIVEA</attalias><attrtype Sync="TRUE">String</attrtype><attwidth Sync="TRUE">50</attwidth><atprecis Sync="TRUE">0</atprecis><attscale Sync="TRUE">0</attscale></attr><attr><attrlabl Sync="TRUE">STRUCTURET</attrlabl><attalias Sync="TRUE">STRUCTURET</attalias><attrtype Sync="TRUE">String</attrtype><attwidth Sync="TRUE">254</attwidth><atprecis Sync="TRUE">0</atprecis><attscale Sync="TRUE">0</attscale></attr><attr><attrlabl Sync="TRUE">STRUCTUREC</attrlabl><attalias Sync="TRUE">STRUCTUREC</attalias><attrtype Sync="TRUE">String</attrtype><attwidth Sync="TRUE">100</attwidth><atprecis Sync="TRUE">0</atprecis><attscale Sync="TRUE">0</attscale></attr><attr><attrlabl Sync="TRUE">NUMBEROFUN</attrlabl><attalias Sync="TRUE">NUMBEROFUN</attalias><attrtype Sync="TRUE">Integer</attrtype><attwidth Sync="TRUE">10</attwidth><atprecis Sync="TRUE">10</atprecis><attscale Sync="TRUE">0</attscale></attr><attr><attrlabl Sync="TRUE">NOOUTBUILD</attrlabl><attalias Sync="TRUE">NOOUTBUILD</attalias><attrtype Sync="TRUE">Integer</attrtype><attwidth Sync="TRUE">10</attwidth><atprecis Sync="TRUE">10</atprecis><attscale Sync="TRUE">0</attscale></attr><attr><attrlabl Sync="TRUE">NOOUTBUI_1</attrlabl><attalias Sync="TRUE">NOOUTBUI_1</attalias><attrtype Sync="TRUE">Integer</attrtype><attwidth Sync="TRUE">10</attwidth><atprecis Sync="TRUE">10</atprecis><attscale Sync="TRUE">0</attscale></attr><attr><attrlabl Sync="TRUE">ROOFCONSTR</attrlabl><attalias Sync="TRUE">ROOFCONSTR</attalias><attrtype Sync="TRUE">String</attrtype><attwidth Sync="TRUE">50</attwidth><atprecis Sync="TRUE">0</atprecis><attscale Sync="TRUE">0</attscale></attr><attr><attrlabl Sync="TRUE">EAVES</attrlabl><attalias Sync="TRUE">EAVES</attalias><attrtype Sync="TRUE">String</attrtype><attwidth Sync="TRUE">50</attwidth><atprecis Sync="TRUE">0</atprecis><attscale Sync="TRUE">0</attscale></attr><attr><attrlabl Sync="TRUE">VENTSCREEN</attrlabl><attalias Sync="TRUE">VENTSCREEN</attalias><attrtype Sync="TRUE">String</attrtype><attwidth Sync="TRUE">50</attwidth><atprecis Sync="TRUE">0</atprecis><attscale Sync="TRUE">0</attscale></attr><attr><attrlabl Sync="TRUE">EXTERIORSI</attrlabl><attalias Sync="TRUE">EXTERIORSI</attalias><attrtype Sync="TRUE">String</attrtype><attwidth Sync="TRUE">50</attwidth><atprecis Sync="TRUE">0</atprecis><attscale Sync="TRUE">0</attscale></attr><attr><attrlabl Sync="TRUE">WINDOWPANE</attrlabl><attalias Sync="TRUE">WINDOWPANE</attalias><attrtype Sync="TRUE">String</attrtype><attwidth Sync="TRUE">50</attwidth><atprecis Sync="TRUE">0</atprecis><attscale Sync="TRUE">0</attscale></attr><attr><attrlabl Sync="TRUE">DECKPORCHO</attrlabl><attalias Sync="TRUE">DECKPORCHO</attalias><attrtype Sync="TRUE">String</attrtype><attwidth Sync="TRUE">50</attwidth><atprecis Sync="TRUE">0</atprecis><attscale Sync="TRUE">0</attscale></attr><attr><attrlabl Sync="TRUE">DECKPORCHE</attrlabl><attalias Sync="TRUE">DECKPORCHE</attalias><attrtype Sync="TRUE">String</attrtype><attwidth Sync="TRUE">50</attwidth><atprecis Sync="TRUE">0</atprecis><attscale Sync="TRUE">0</attscale></attr><attr><attrlabl Sync="TRUE">PATIOCOVER</attrlabl><attalias Sync="TRUE">PATIOCOVER</attalias><attrtype Sync="TRUE">String</attrtype><attwidth Sync="TRUE">50</attwidth><atprecis Sync="TRUE">0</atprecis><attscale Sync="TRUE">0</attscale></attr><attr><attrlabl Sync="TRUE">FENCEATTAC</attrlabl><attalias Sync="TRUE">FENCEATTAC</attalias><attrtype Sync="TRUE">String</attrtype><attwidth Sync="TRUE">50</attwidth><atprecis Sync="TRUE">0</atprecis><attscale Sync="TRUE">0</attscale></attr><attr><attrlabl Sync="TRUE">PROPANETAN</attrlabl><attalias Sync="TRUE">PROPANETAN</attalias><attrtype Sync="TRUE">String</attrtype><attwidth Sync="TRUE">50</attwidth><atprecis Sync="TRUE">0</atprecis><attscale Sync="TRUE">0</attscale></attr><attr><attrlabl Sync="TRUE">UTILITYMIS</attrlabl><attalias Sync="TRUE">UTILITYMIS</attalias><attrtype Sync="TRUE">String</attrtype><attwidth Sync="TRUE">50</attwidth><atprecis Sync="TRUE">0</atprecis><attscale Sync="TRUE">0</attscale></attr><attr><attrlabl Sync="TRUE">FIRENAME</attrlabl><attalias Sync="TRUE">FIRENAME</attalias><attrtype Sync="TRUE">String</attrtype><attwidth Sync="TRUE">50</attwidth><atprecis Sync="TRUE">0</atprecis><attscale Sync="TRUE">0</attscale></attr><attr><attrlabl Sync="TRUE">APN</attrlabl><attalias Sync="TRUE">APN</attalias><attrtype Sync="TRUE">String</attrtype><attwidth Sync="TRUE">40</attwidth><atprecis Sync="TRUE">0</atprecis><attscale Sync="TRUE">0</attscale></attr><attr><attrlabl Sync="TRUE">ASSESSEDIM</attrlabl><attalias Sync="TRUE">ASSESSEDIM</attalias><attrtype Sync="TRUE">Double</attrtype><attwidth Sync="TRUE">19</attwidth><atprecis Sync="TRUE">0</atprecis><attscale Sync="TRUE">0</attscale></attr><attr><attrlabl Sync="TRUE">YEARBUILT</attrlabl><attalias Sync="TRUE">YEARBUILT</attalias><attrtype Sync="TRUE">Integer</attrtype><attwidth Sync="TRUE">10</attwidth><atprecis Sync="TRUE">10</atprecis><attscale Sync="TRUE">0</attscale></attr><attr><attrlabl Sync="TRUE">SITEADDRES</attrlabl><attalias Sync="TRUE">SITEADDRES</attalias><attrtype Sync="TRUE">String</attrtype><attwidth Sync="TRUE">254</attwidth><atprecis Sync="TRUE">0</atprecis><attscale Sync="TRUE">0</attscale></attr><attr><attrlabl Sync="TRUE">GLOBALID</attrlabl><attalias Sync="TRUE">GLOBALID</attalias><attrtype Sync="TRUE">String</attrtype><attwidth Sync="TRUE">38</attwidth><atprecis Sync="TRUE">0</atprecis><attscale Sync="TRUE">0</attscale></attr><attr><attrlabl Sync="TRUE">Latitude</attrlabl><attalias Sync="TRUE">Latitude</attalias><attrtype Sync="TRUE">Double</attrtype><attwidth Sync="TRUE">19</attwidth><atprecis Sync="TRUE">0</atprecis><attscale Sync="TRUE">0</attscale></attr><attr><attrlabl Sync="TRUE">Longitude</attrlabl><attalias Sync="TRUE">Longitude</attalias><attrtype Sync="TRUE">Double</attrtype><attwidth Sync="TRUE">19</attwidth><atprecis Sync="TRUE">0</atprecis><attscale Sync="TRUE">0</attscale></attr><attr><attrlabl Sync="TRUE">SHAPE_Leng</attrlabl><attalias Sync="TRUE">SHAPE_Leng</attalias><attrtype Sync="TRUE">Double</attrtype><attwidth Sync="TRUE">19</attwidth><atprecis Sync="TRUE">0</atprecis><attscale Sync="TRUE">0</attscale></attr><attr><attrlabl Sync="TRUE">SHAPE_Area</attrlabl><attalias Sync="TRUE">SHAPE_Area</attalias><attrtype Sync="TRUE">Double</attrtype><attwidth Sync="TRUE">19</attwidth><atprecis Sync="TRUE">0</atprecis><attscale Sync="TRUE">0</attscale><attrdef Sync="TRUE">Area of feature in internal units squared.</attrdef><attrdefs Sync="TRUE">Esri</attrdefs><attrdomv><udom Sync="TRUE">Positive real numbers that are automatically generated.</udom></attrdomv></attr><attr><attrlabl Sync="TRUE">DamageCode</attrlabl><attalias Sync="TRUE">DamageCode</attalias><attrtype Sync="TRUE">Integer</attrtype><attwidth Sync="TRUE">5</attwidth><atprecis Sync="TRUE">5</atprecis><attscale Sync="TRUE">0</attscale></attr></detailed></eainfo><mdDateSt Sync="TRUE">20250127</mdDateSt></metadata>
